artist_name,track_name
Jason Mraz,I Won't Give Up
Boyce Avenue,Someone Like You
Gabrielle Aplin,Home
Ron Pope,One Grain of Sand
Meiko,Stuck On You
Boyce Avenue,Just the Way You Are
Harley Poe,Ima Killer
AJJ,Black Dog
Not Half Bad,We're Going To Hell
Jenny & Tyler,See The Conqueror
Boyce Avenue,Last Kiss
Jason Mraz,The Woman I Love - Live
Mark Lanegan,Bleeding Muddy Water
Harley Poe,Father McKee
NEEDTOBREATHE,Solomon's Ashes - B-Side
Boyce Avenue,Firework
David Ramirez,Stick Around
Jason Mraz,In Your Hands
Corporate Hearts,Suck on Soil Lounge Act
Drew Holcomb & The Neighbors,Learning to Fly
Jon McLaughlin,Summer Is Over
Boyce Avenue,Only Girl (In the World)
Ingrid Michaelson,I'm Through
Greg Laswell,Landline
Matt Wertz,Snow Globe
Get Dead,This One's for Johnny
Boyce Avenue,Shimmer
(Person) (Noun),A Punk Song About How Law Enforcement Ruins Everything
Kaki King,Skimming the Fractured Surface to a Place of Endless Light
Boyce Avenue,We Are Young
Sara Bareilles,Lie To Me
Boyce Avenue,Grenade
Daryl Shawn,All Is Forgiven
Boyce Avenue,Perfect
Taj Mahal,Butter
Matthew Perryman Jones,Land of the Living
Steve Petrunak,Little Drummer Boy
Eric Bibb,We Don't Care
Noah Gundersen,He Got Away - from Sons of Anarchy
Boyce Avenue,For the First Time
Boyce Avenue,Airplanes
Tyler Ward,We Found Love - Acoustic
Mark Lanegan,Ode to Sad Disco
AJJ,Lady Liberty
AJJ,Lookin' for a Love
Hannah Trigwell,Hallelujah
Eric Hutchinson,Best Days
Eric Hutchinson,The People I Know
Steve Petrunak,White Christmas
Scars On 45,Heart on Fire
Ingrid Michaelson,Fire
Johnnyswim,Home
Boyce Avenue,Best of You
NEEDTOBREATHE,Keep Your Eyes Open - Acoustic Version
Ingrid Michaelson,Do It Now
Steve Petrunak,Hark! The Herald Angels Sing
AJJ,Dipping Things in Stuff
Joshua Radin,Underwater
Ichiko Aoba,sanbiki no kuma
Joey Cape,I Must Be Hateful
Boyce Avenue,Nothin' on You / My Love / Rocketeer
Joshua James,No Milk Today - from Sons of Anarchy
Boyce Avenue,Just a Kiss
Greg Laswell,Another Life To Lose
Boyce Avenue,Just Can't Get Enough
Jason Mraz,I Never Knew You - Live
Boyce Avenue,Jeremy
Mark Lanegan,Phantasmagoria Blues
Boyce Avenue,The A Team
Boyce Avenue,Water Runs Dry
Fuyumi Abe,希望のうた
AJJ,Skipping Stone
AJJ,This Is Not a War
Ron Pope,I Do Not Love You
Tony Sly,Soulmate
AJJ,Hate & Kill
Tyler Ward,Paradise - Acoustic
Kris Allen,The Vision of Love
Jason Mraz,I’m Yours
Jason Reeves,More in Love With You (feat. Nelly Joy)
Tyler Ward,Red
Johnnyswim,Heart Beats
Boyce Avenue,Lights
Boyce Avenue,Dynamite
Ingrid Michaelson,Blood Brothers
Dan Andriano in the Emergency Room,"Of Peace, Quiet And Monsters"
Josh Kelley,Almost Honest
A Fine Frenzy,Pinesong
AJJ,Lucky Strike